{
	"pages": [ //pages数组中第一项表示应用启动页，参考：https://uniapp.dcloud.io/collocation/pages
		{
			"path": "pages/index/index",
			"style": {
				"navigationBarTitleText": "首页"
			}
		},
		{
			"path" : "pages/monizhiyuan/monizhiyuan",
			"style" : 
			{
					"navigationBarTitleText": "模拟填志愿"
			}
		},
		{
			"path" : "pages/zhinengxuandaxue/zhinengxuandaxue",
			"style" : 
			{
					"navigationBarTitleText": "智能选大学"
 			}
		},
		{
			"path" : "pages/wode/wode",
			"style" : 
			{
				"navigationBarTitleText" : "个人中心"
			}
		},
		{
			"path" : "pages/AI/AI",
			"style" : 
			{
				"navigationBarTitleText" : "AI选大学"
			}
		}
	],
	"globalStyle": {
		"navigationBarTextStyle": "black",
		"navigationBarTitleText": "志愿填报系统",
		"navigationBarBackgroundColor": "#F8F8F8",
		"navigationStyle": "custom",
		"backgroundColor": "#F8F8F8"
	},
	"tabBar": {
		"color": "#707070",
		"selectedColor": "#1296db",
		"backgroundColor": "white",
		"list": [
			{
				"pagePath": "pages/index/index",
				"text": "首页",
				"iconPath": "static/tabbaricon/shouye.png",
				"selectedIconPath": "static/tabbaricon/selectedshouye.png"
			},
			{
				"pagePath": "pages/AI/AI",
				"text": "AI挑大学",
				"iconPath": "static/tabbaricon/AI.png",
				"selectedIconPath": "static/tabbaricon/selectedAI.png"
			},
			/*{
				"text": "智能选大学",
				"pagePath": "pages/zhinengxuandaxue/zhinengxuandaxue",
				"iconPath": "static/tabbaricon/xuandaxue.png",
				"selectedIconPath": "static/tabbaricon/selectedxuandaxue.png"
			},*/
			{
				"pagePath": "pages/monizhiyuan/monizhiyuan",
				"text": "模拟填志愿",
				"iconPath": "static/tabbaricon/tianzhiyuan.png",
				"selectedIconPath": "static/tabbaricon/selectedtianzhiyuan.png"
			},
			{
				"pagePath": "pages/wode/wode",
				"text": "我的",
				"iconPath": "static/tabbaricon/wode.png",
				"selectedIconPath": "static/tabbaricon/selectedwode.png"
			}
		]
	},
	"uniIdRouter": {}
}
